{
	"format_version": "1.9.0",
	"credit": "Made with Blockbench",
	"textures": {
		"0": "item/coal_3d",
		"particle": "item/coal_3d"
	},
	"elements": [
		{
			"from": [4.83689, 0.53356, 7.00716],
			"to": [7.83689, 4.53356, 10.00716],
			"rotation": {"angle": -22.5, "axis": "z", "origin": [5.31319, 0.75, 7.00616]},
			"faces": {
				"north": {"uv": [6, 5, 9, 9], "texture": "#0"},
				"east": {"uv": [8, 0, 11, 4], "texture": "#0"},
				"south": {"uv": [9, 4, 12, 8], "texture": "#0"},
				"west": {"uv": [6, 9, 9, 13], "texture": "#0"},
				"up": {"uv": [6, 13, 3, 10], "texture": "#0"},
				"down": {"uv": [14, 0, 11, 3], "texture": "#0"}
			}
		},
		{
			"from": [7.31319, -0.001, 7.00616],
			"to": [10.31319, 4.999, 11.00616],
			"rotation": {"angle": 0, "axis": "z", "origin": [7.31319, -0.25, 7.00616]},
			"faces": {
				"north": {"uv": [0, 5, 3, 10], "texture": "#0"},
				"east": {"uv": [0, 0, 4, 5], "texture": "#0"},
				"south": {"uv": [3, 5, 6, 10], "texture": "#0"},
				"west": {"uv": [4, 0, 8, 5], "texture": "#0"},
				"up": {"uv": [12, 12, 9, 8], "texture": "#0"},
				"down": {"uv": [3, 10, 0, 14], "texture": "#0"}
			}
		},
		{
			"from": [7.81319, 0, 5.25616],
			"to": [10.81319, 3, 8.25616],
			"rotation": {"angle": -22.5, "axis": "y", "origin": [7.81319, 0, 5.25616]},
			"faces": {
				"north": {"uv": [12, 3, 15, 6], "texture": "#0"},
				"east": {"uv": [12, 6, 15, 9], "texture": "#0"},
				"south": {"uv": [9, 12, 12, 15], "texture": "#0"},
				"west": {"uv": [12, 9, 15, 12], "texture": "#0"},
				"up": {"uv": [15, 15, 12, 12], "texture": "#0"},
				"down": {"uv": [6, 13, 3, 16], "texture": "#0"}
			}
		}
	],
	"display": {
		"thirdperson_righthand": {
			"rotation": [110, -90, 49],
			"translation": [0.5, 2, 3.25],
			"scale": [0.65, 0.65, 0.65]
		},
		"thirdperson_lefthand": {
			"rotation": [10, 90, 46],
			"translation": [-0.5, 2, 2.75],
			"scale": [0.65, 0.65, 0.65]
		},
		"firstperson_righthand": {
			"rotation": [0, 52, 0],
			"translation": [-2.75, 7.25, 4],
			"scale": [0.5, 0.5, 0.5]
		},
		"firstperson_lefthand": {
			"rotation": [0, 52, 0],
			"translation": [-2.75, 7.25, 4],
			"scale": [0.5, 0.5, 0.5]
		},
		"ground": {
			"translation": [0, 3, 0],
			"scale": [0.5, 0.5, 0.5]
		},
		"gui": {
			"rotation": [30, 135, 0],
			"translation": [-0.25, 6, 0],
			"scale": [1.5, 1.5, 1.5]
		},
		"head": {
			"translation": [0, 14.4, 0]
		},
		"fixed": {
			"translation": [0, 10.75, 1.75],
			"scale": [2, 2, 2]
		}
	},
	"groups": [
		{
			"name": "group",
			"origin": [10.06319, 0, 8.75616],
			"color": 0,
			"children": [0, 1, 2]
		}
	]
}