{
	"format_version": "1.21.6",
	"credit": "Made with Blockbench",
	"texture_size": [32, 32],
	"textures": {
		"0": "item/diamond_3d",
		"particle": "item/diamond_3d"
	},
	"elements": [
		{
			"from": [5, 1, 6.5],
			"to": [11, 5, 9.5],
			"rotation": {"angle": 0, "axis": "y", "origin": [7, 0, 6.5]},
			"faces": {
				"north": {"uv": [0, 3.5, 3, 5.5], "texture": "#0"},
				"east": {"uv": [3.5, 8, 5, 10], "texture": "#0"},
				"south": {"uv": [3, 3.5, 6, 5.5], "texture": "#0"},
				"west": {"uv": [8, 7.5, 9.5, 9.5], "texture": "#0"},
				"up": {"uv": [9, 6, 6, 4.5], "texture": "#0"},
				"down": {"uv": [9, 6, 6, 7.5], "texture": "#0"}
			}
		},
		{
			"from": [6, 0, 6.5],
			"to": [10, 1, 9.5],
			"rotation": {"angle": 0, "axis": "y", "origin": [7, 0, 6.5]},
			"faces": {
				"north": {"uv": [0, 3, 2, 3.5], "texture": "#0"},
				"east": {"uv": [4, 3, 5.5, 3.5], "texture": "#0"},
				"south": {"uv": [2, 3, 4, 3.5], "texture": "#0"},
				"west": {"uv": [0, 8.5, 1.5, 9], "texture": "#0"},
				"up": {"uv": [10, 1.5, 8, 0], "texture": "#0"},
				"down": {"uv": [10, 1.5, 8, 3], "texture": "#0"}
			}
		},
		{
			"from": [6, 5, 6.5],
			"to": [10, 7, 9.5],
			"rotation": {"angle": 0, "axis": "y", "origin": [7, 0, 6.5]},
			"faces": {
				"north": {"uv": [0, 0, 2, 1], "texture": "#0"},
				"east": {"uv": [4, 0, 5.5, 1], "texture": "#0"},
				"south": {"uv": [2, 0, 4, 1], "texture": "#0"},
				"west": {"uv": [0, 5.5, 1.5, 6.5], "texture": "#0"},
				"up": {"uv": [10, 1.5, 8, 0], "texture": "#0"},
				"down": {"uv": [10, 1.5, 8, 3], "texture": "#0"}
			}
		},
		{
			"from": [6.25, 1.25, 5.25],
			"to": [9.75, 4.75, 6.25],
			"rotation": {"angle": 0, "axis": "y", "origin": [7, 0, 6.5]},
			"faces": {
				"north": {"uv": [1.5, 7.5, 3.5, 9.5], "texture": "#0"},
				"east": {"uv": [7.5, 0, 8, 2], "texture": "#0"},
				"west": {"uv": [1.5, 5.5, 2, 7.5], "texture": "#0"},
				"up": {"uv": [6, 8, 4, 7.5], "texture": "#0"},
				"down": {"uv": [8, 4, 6, 4.5], "texture": "#0"}
			}
		},
		{
			"from": [6.25, 1.25, 9.75],
			"to": [9.75, 4.75, 10.75],
			"rotation": {"angle": 0, "axis": "y", "origin": [7, 0, 6.5]},
			"faces": {
				"east": {"uv": [5.5, 0, 6, 2], "texture": "#0"},
				"south": {"uv": [6, 7.5, 8, 9.5], "texture": "#0"},
				"west": {"uv": [3.5, 5.5, 4, 7.5], "texture": "#0"},
				"up": {"uv": [6, 6, 4, 5.5], "texture": "#0"},
				"down": {"uv": [8, 2, 6, 2.5], "texture": "#0"}
			}
		},
		{
			"from": [10.25, 7.25, 9.75],
			"to": [5.75, 5.25, 6.25],
			"rotation": {"angle": 0, "axis": "y", "origin": [11, 2, 9.5]},
			"faces": {
				"north": {"uv": [10, 0, 10.5, 0.5], "texture": "#0"},
				"east": {"uv": [10, 0, 10.5, 0.5], "texture": "#0"},
				"south": {"uv": [10, 0, 10.5, 0.5], "texture": "#0"},
				"west": {"uv": [10, 0.5, 10.5, 0], "texture": "#0"},
				"down": {"uv": [10, 0, 10.5, 0.5], "texture": "#0"}
			}
		},
		{
			"from": [10.25, 0.75, 9.75],
			"to": [5.75, -0.25, 6.25],
			"rotation": {"angle": 0, "axis": "y", "origin": [11, -4, 9.5]},
			"faces": {
				"north": {"uv": [10, 0, 10.5, 0.5], "texture": "#0"},
				"east": {"uv": [10, 0, 10.5, 0.5], "texture": "#0"},
				"south": {"uv": [10, 0, 10.5, 0.5], "texture": "#0"},
				"west": {"uv": [10, 0, 10.5, 0.5], "texture": "#0"},
				"up": {"uv": [10, 0, 10.5, 0.5], "texture": "#0"}
			}
		},
		{
			"from": [11.25, 5.25, 9.75],
			"to": [4.75, 0.75, 6.25],
			"rotation": {"angle": 0, "axis": "y", "origin": [13, 4, 9.5]},
			"faces": {
				"north": {"uv": [10, 0, 10.5, 0.5], "texture": "#0"},
				"east": {"uv": [10, 0, 10.5, 0.5], "texture": "#0"},
				"south": {"uv": [10, 0, 10.5, 0.5], "texture": "#0"},
				"west": {"uv": [10, 0, 10.5, 0.5], "texture": "#0"},
				"up": {"uv": [10, 0, 13, 0.5], "texture": "#0"},
				"down": {"uv": [10, 0, 13, 0.5], "texture": "#0"}
			}
		},
		{
			"from": [10, 5, 6.5],
			"to": [6, 1, 5],
			"rotation": {"angle": 0, "axis": "y", "origin": [10.5, 3.5, 7.5]},
			"faces": {
				"north": {"uv": [10, 0, 10.5, 0.5], "texture": "#0"},
				"east": {"uv": [10, 0, 10.5, 0.5], "texture": "#0"},
				"south": {"uv": [10, 0, 10.5, 0.5], "texture": "#0"},
				"west": {"uv": [10, 0, 10.5, 0.5], "texture": "#0"},
				"up": {"uv": [10, 0, 10.5, 0.5], "texture": "#0"},
				"down": {"uv": [10, 0, 10.5, 0.5], "texture": "#0"}
			}
		},
		{
			"from": [10, 5, 11],
			"to": [6, 1, 9.5],
			"rotation": {"angle": 0, "axis": "y", "origin": [10.5, 3.5, 7.5]},
			"faces": {
				"north": {"uv": [10, 0, 10.5, 0.5], "texture": "#0"},
				"east": {"uv": [10, 0, 10.5, 0.5], "texture": "#0"},
				"south": {"uv": [10, 0, 10.5, 0.5], "texture": "#0"},
				"west": {"uv": [10, 0, 10.5, 0.5], "texture": "#0"},
				"up": {"uv": [10, 0, 10.5, 0.5], "texture": "#0"},
				"down": {"uv": [10, 0, 10.5, 0.5], "texture": "#0"}
			}
		}
	],
	"display": {
		"thirdperson_righthand": {
			"rotation": [50, 90, 0],
			"translation": [0, 1.25, 0.75],
			"scale": [0.5, 0.5, 0.5]
		},
		"thirdperson_lefthand": {
			"rotation": [50, 90, 0],
			"translation": [0, 1.25, 0.75],
			"scale": [0.5, 0.5, 0.5]
		},
		"firstperson_righthand": {
			"rotation": [0, 141, 0],
			"translation": [-4.25, 7.75, 6.25],
			"scale": [0.34, 0.34, 0.34]
		},
		"firstperson_lefthand": {
			"rotation": [0, 141, 0],
			"translation": [-4.25, 7.75, 6.25],
			"scale": [0.34, 0.34, 0.34]
		},
		"ground": {
			"translation": [0, 3, 0],
			"scale": [0.5, 0.5, 0.5]
		},
		"gui": {
			"rotation": [30, -25, 0],
			"translation": [0, 5.75, 0],
			"scale": [1.5, 1.5, 1.5]
		},
		"head": {
			"translation": [0, 14.66, 0]
		},
		"fixed": {
			"translation": [0, 7, 1.75],
			"scale": [1.5, 1.5, 1.5]
		}
	},
	"groups": [
		{
			"name": "group",
			"origin": [7, 0, 6.5],
			"color": 0,
			"children": [0, 1, 2, 3, 4]
		},
		5,
		6,
		7,
		8,
		9
	]
}