{
	"format_version": "1.21.6",
	"credit": "Made with Blockbench",
	"texture_size": [32, 32],
	"textures": {
		"0": "item/emerald_3d",
		"particle": "item/emerald_3d"
	},
	"elements": [
		{
			"from": [10.75, 7.25, 9.25],
			"to": [5.25, 1.75, 6.75],
			"rotation": {"angle": 0, "axis": "y", "origin": [11.5, 7, 8]},
			"faces": {
				"north": {"uv": [0, 7.5, 0.5, 8], "texture": "#0"},
				"east": {"uv": [0, 7.5, 0.5, 8], "texture": "#0"},
				"south": {"uv": [0, 7.5, 0.5, 8], "texture": "#0"},
				"west": {"uv": [0, 7.5, 0.5, 8], "texture": "#0"},
				"up": {"uv": [0, 7.5, 5.5, 8], "texture": "#0"},
				"down": {"uv": [0, 7.5, 5.5, 8], "texture": "#0"}
			}
		},
		{
			"from": [9.75, 8.25, 9.25],
			"to": [6.25, 7.25, 6.75],
			"rotation": {"angle": 0, "axis": "y", "origin": [9.5, 14, 8]},
			"faces": {
				"north": {"uv": [0, 7.5, 0.5, 8], "texture": "#0"},
				"east": {"uv": [1.5, 12.5, 0, 9], "texture": "#0"},
				"south": {"uv": [0, 7.5, 0.5, 8], "texture": "#0"},
				"west": {"uv": [0, 12.5, 1.5, 9], "texture": "#0"},
				"down": {"uv": [0, 7.5, 0.5, 8], "texture": "#0"}
			}
		},
		{
			"from": [9.75, 1.75, 9.25],
			"to": [6.25, 0.75, 6.75],
			"rotation": {"angle": 0, "axis": "y", "origin": [9.5, 8, 8]},
			"faces": {
				"north": {"uv": [0, 7.5, 0.5, 8], "texture": "#0"},
				"east": {"uv": [0, 7.5, 0.5, 8], "texture": "#0"},
				"south": {"uv": [0, 7.5, 0.5, 8], "texture": "#0"},
				"west": {"uv": [0, 7.5, 0.5, 8], "texture": "#0"},
				"up": {"uv": [0, 7.5, 0.5, 8], "texture": "#0"}
			}
		},
		{
			"from": [9.5, 7, 10.5],
			"to": [6.5, 2, 9],
			"rotation": {"angle": 0, "axis": "y", "origin": [10.5, 8.5, 7.94]},
			"faces": {
				"north": {"uv": [0, 7.5, 0.5, 8], "texture": "#0"},
				"east": {"uv": [0, 7.5, 0.5, 8], "texture": "#0"},
				"south": {"uv": [0, 7.5, 0.5, 8], "texture": "#0"},
				"west": {"uv": [0, 7.5, 0.5, 8], "texture": "#0"},
				"up": {"uv": [0, 7.5, 0.5, 8], "texture": "#0"},
				"down": {"uv": [0, 7.5, 0.5, 8], "texture": "#0"}
			}
		},
		{
			"from": [9.5, 7, 7],
			"to": [6.5, 2, 5.5],
			"rotation": {"angle": 0, "axis": "y", "origin": [10.5, 8.5, 8]},
			"faces": {
				"north": {"uv": [0, 7.5, 0.5, 8], "texture": "#0"},
				"east": {"uv": [0, 7.5, 0.5, 8], "texture": "#0"},
				"south": {"uv": [0, 7.5, 0.5, 8], "texture": "#0"},
				"west": {"uv": [0, 7.5, 0.5, 8], "texture": "#0"},
				"up": {"uv": [0, 7.5, 0.5, 8], "texture": "#0"},
				"down": {"uv": [0, 7.5, 0.5, 8], "texture": "#0"}
			}
		},
		{
			"from": [5.5, 2, 7],
			"to": [10.5, 7, 9],
			"rotation": {"angle": 0, "axis": "y", "origin": [6.5, 2, 6]},
			"faces": {
				"north": {"uv": [0, 0, 2.5, 2.5], "texture": "#0"},
				"east": {"uv": [3, 5, 4, 7.5], "texture": "#0"},
				"south": {"uv": [0, 2.5, 2.5, 5], "texture": "#0"},
				"west": {"uv": [4, 5, 5, 7.5], "texture": "#0"},
				"up": {"uv": [7.5, 6, 5, 5], "texture": "#0"},
				"down": {"uv": [8.5, 0, 6, 1], "texture": "#0"}
			}
		},
		{
			"from": [6.75, 2.25, 5.75],
			"to": [9.25, 6.75, 6.75],
			"rotation": {"angle": 0, "axis": "y", "origin": [8, 4, 7]},
			"faces": {
				"north": {"uv": [4.5, 0, 6, 2.5], "texture": "#0"},
				"east": {"uv": [4, 0, 4.5, 2.5], "texture": "#0"},
				"west": {"uv": [2.5, 2.5, 3, 5], "texture": "#0"},
				"up": {"uv": [1.5, 7, 0, 6.5], "texture": "#0"},
				"down": {"uv": [3, 6.5, 1.5, 7], "texture": "#0"}
			}
		},
		{
			"from": [6.75, 2.25, 9.25],
			"to": [9.25, 6.75, 10.25],
			"rotation": {"angle": 0, "axis": "y", "origin": [8, 4, 7]},
			"faces": {
				"east": {"uv": [2.5, 0, 3, 2.5], "texture": "#0"},
				"south": {"uv": [4.5, 2.5, 6, 5], "texture": "#0"},
				"west": {"uv": [4, 2.5, 4.5, 5], "texture": "#0"},
				"up": {"uv": [1.5, 5.5, 0, 5], "texture": "#0"},
				"down": {"uv": [3, 5, 1.5, 5.5], "texture": "#0"}
			}
		},
		{
			"from": [6.5, 1, 7],
			"to": [9.5, 2, 9],
			"rotation": {"angle": 0, "axis": "y", "origin": [6.5, 7, 6]},
			"faces": {
				"north": {"uv": [5, 6, 6.5, 6.5], "texture": "#0"},
				"east": {"uv": [0, 7, 1, 7.5], "texture": "#0"},
				"south": {"uv": [5, 6.5, 6.5, 7], "texture": "#0"},
				"west": {"uv": [1, 7, 2, 7.5], "texture": "#0"},
				"down": {"uv": [7.5, 2, 6, 3], "texture": "#0"}
			}
		},
		{
			"from": [6.5, 7, 7],
			"to": [9.5, 8, 9],
			"rotation": {"angle": 0, "axis": "y", "origin": [6.5, 13, 6]},
			"faces": {
				"north": {"uv": [6.5, 6, 8, 6.5], "texture": "#0"},
				"east": {"uv": [2, 7, 3, 7.5], "texture": "#0"},
				"south": {"uv": [6.5, 6.5, 8, 7], "texture": "#0"},
				"west": {"uv": [5, 7, 6, 7.5], "texture": "#0"},
				"up": {"uv": [7.5, 4, 6, 3], "texture": "#0"}
			}
		}
	],
	"gui_light": "front",
	"display": {
		"thirdperson_righthand": {
			"rotation": [50, 90, 0],
			"translation": [0, 1.75, 0.75],
			"scale": [0.5, 0.5, 0.5]
		},
		"thirdperson_lefthand": {
			"rotation": [50, 90, 0],
			"translation": [0, 1.75, 0.75],
			"scale": [0.5, 0.5, 0.5]
		},
		"firstperson_righthand": {
			"rotation": [0, 141, 0],
			"translation": [-4.5, 7, 6.25],
			"scale": [0.3, 0.3, 0.3]
		},
		"firstperson_lefthand": {
			"rotation": [0, 141, 0],
			"translation": [-4.5, 7, 6.25],
			"scale": [0.3, 0.3, 0.3]
		},
		"ground": {
			"translation": [0, 3, 0],
			"scale": [0.5, 0.5, 0.5]
		},
		"gui": {
			"rotation": [30, -25, 0],
			"translation": [0, 4.25, 0],
			"scale": [1.5, 1.5, 1.5]
		},
		"head": {
			"translation": [0, 13.7, 0]
		},
		"fixed": {
			"translation": [0, 4.75, 1],
			"scale": [1.5, 1.5, 1.5]
		}
	},
	"groups": [
		{
			"name": "group",
			"origin": [10.5, 8.5, 7.94],
			"color": 0,
			"children": [
				{
					"name": "outline",
					"origin": [10.5, 8.5, 7.94],
					"color": 0,
					"children": [0, 1, 2, 3, 4]
				},
				{
					"name": "emerald",
					"origin": [6.5, 13, 6],
					"color": 0,
					"children": [5, 6, 7, 8, 9]
				}
			]
		}
	]
}