{
	"format_version": "1.21.6",
	"credit": "Made with Blockbench",
	"texture_size": [32, 32],
	"textures": {
		"1": "item/emerald_2_3d"
	},
	"elements": [
		{
			"name": "middle",
			"from": [5.5, 0, 7],
			"to": [10.5, 7, 9],
			"rotation": {"angle": 0, "axis": "y", "origin": [5.5, 1, 6]},
			"faces": {
				"north": {"uv": [3, 7.5, 5.5, 11], "texture": "#1"},
				"east": {"uv": [9, 7.5, 10, 11], "texture": "#1"},
				"south": {"uv": [5.5, 7.5, 8, 11], "texture": "#1"},
				"west": {"uv": [8, 7.5, 9, 11], "texture": "#1"},
				"up": {"uv": [3, 12.5, 0.5, 11.5], "texture": "#1"},
				"down": {"uv": [5.5, 11.5, 3, 12.5], "texture": "#1"}
			}
		},
		{
			"name": "south_side",
			"from": [6.5, 1, 9.21],
			"to": [9.5, 6, 10.21],
			"rotation": {"angle": 0, "axis": "y", "origin": [6.5, 1, 6]},
			"faces": {
				"north": {"uv": [4, 0, 5.5, 2.5], "texture": "#1"},
				"east": {"uv": [0, 3, 0.5, 5.5], "texture": "#1"},
				"south": {"uv": [4, 2.5, 5.5, 5], "texture": "#1"},
				"west": {"uv": [3.5, 3, 4, 5.5], "texture": "#1"},
				"up": {"uv": [5.5, 5.5, 4, 5], "texture": "#1"},
				"down": {"uv": [1.5, 5.5, 0, 6], "texture": "#1"}
			}
		},
		{
			"name": "north_side",
			"from": [6.5, 1, 5.79],
			"to": [9.5, 6, 6.79],
			"rotation": {"angle": 0, "axis": "y", "origin": [6.5, 1, 5]},
			"faces": {
				"north": {"uv": [4, 0, 5.5, 2.5], "texture": "#1"},
				"east": {"uv": [1.5, 3, 2, 5.5], "texture": "#1"},
				"south": {"uv": [4, 2.5, 5.5, 5], "texture": "#1"},
				"west": {"uv": [2, 3, 2.5, 5.5], "texture": "#1"},
				"up": {"uv": [5.5, 7, 4, 6.5], "texture": "#1"},
				"down": {"uv": [1.5, 7, 0, 7.5], "texture": "#1"}
			}
		},
		{
			"name": "middle_outline",
			"from": [10.7, 7.2, 9.2],
			"to": [5.3, -0.2, 6.8],
			"rotation": {"angle": 0, "axis": "y", "origin": [5.5, 1, 6]},
			"faces": {
				"north": {"uv": [5.5, 5, 6, 5.5], "texture": "#1"},
				"east": {"uv": [5.5, 5, 6, 5.5], "texture": "#1"},
				"south": {"uv": [5.5, 5, 6, 5.5], "texture": "#1"},
				"west": {"uv": [5.5, 5, 6, 5.5], "texture": "#1"},
				"up": {"uv": [5.5, 5, 6, 5.5], "texture": "#1"},
				"down": {"uv": [5.5, 5, 6, 5.5], "texture": "#1"}
			}
		},
		{
			"name": "north_side_outline",
			"from": [9.7, 6.2, 6.99],
			"to": [6.3, 0.8, 5.59],
			"rotation": {"angle": 0, "axis": "y", "origin": [6.5, 1, 2]},
			"faces": {
				"north": {"uv": [5.5, 5, 6, 5.5], "texture": "#1"},
				"east": {"uv": [5.5, 5, 6, 5.5], "texture": "#1"},
				"south": {"uv": [5.5, 5, 6, 5.5], "texture": "#1"},
				"west": {"uv": [5.5, 5, 6, 5.5], "texture": "#1"},
				"up": {"uv": [5.5, 5, 6, 5.5], "texture": "#1"},
				"down": {"uv": [5.5, 5, 6, 5.5], "texture": "#1"}
			}
		},
		{
			"name": "south_side_outline",
			"from": [9.7, 6.2, 10.41],
			"to": [6.3, 0.8, 9.01],
			"rotation": {"angle": 0, "axis": "y", "origin": [6.5, 1, 6]},
			"faces": {
				"north": {"uv": [5.5, 5, 6, 5.5], "texture": "#1"},
				"east": {"uv": [5.5, 5, 6, 5.5], "texture": "#1"},
				"south": {"uv": [5.5, 5, 6, 5.5], "texture": "#1"},
				"west": {"uv": [5.5, 5, 6, 5.5], "texture": "#1"},
				"up": {"uv": [5.5, 5, 6, 5.5], "texture": "#1"},
				"down": {"uv": [5.5, 5, 6, 5.5], "texture": "#1"}
			}
		}
	],
	"display": {
		"firstperson_righthand": {
			"rotation": [0, -44, 0],
			"translation": [0, 8, 0],
			"scale": [0.6, 0.6, 1]
		}
	},
	"groups": [
		{
			"name": "emerald_3d",
			"origin": [6.5, 2, 6],
			"color": 0,
			"children": [
				{
					"name": "emerald",
					"origin": [6.5, 2, 6],
					"color": 0,
					"children": [0, 1, 2]
				},
				{
					"name": "outline",
					"origin": [5.5, 2, 6],
					"color": 0,
					"children": [3, 4, 5]
				}
			]
		}
	]
}