{
	"format_version": "1.21.6",
	"credit": "Made with Blockbench",
	"textures": {
		"0": "item/flint_3d",
		"particle": "item/flint_3d"
	},
	"elements": [
		{
			"from": [6.5005, 1, 6.92493],
			"to": [9.5005, 4, 8.92493],
			"rotation": {"angle": -22.5, "axis": "x", "origin": [7.9995, 4, 8.92493]},
			"faces": {
				"north": {"uv": [6, 0, 9, 3], "texture": "#0"},
				"east": {"uv": [3, 8, 5, 11], "texture": "#0"},
				"south": {"uv": [6, 3, 9, 6], "texture": "#0"},
				"west": {"uv": [9, 0, 11, 3], "texture": "#0"},
				"up": {"uv": [12, 5, 9, 3], "texture": "#0"},
				"down": {"uv": [8, 9, 5, 11], "texture": "#0"}
			}
		},
		{
			"from": [6.4995, 0, 5.92493],
			"to": [9.4995, 4, 8.92493],
			"rotation": {"angle": 0, "axis": "x", "origin": [7.9995, 0, 7.42493]},
			"faces": {
				"north": {"uv": [0, 0, 3, 4], "texture": "#0"},
				"east": {"uv": [3, 0, 6, 4], "texture": "#0"},
				"south": {"uv": [0, 4, 3, 8], "texture": "#0"},
				"west": {"uv": [3, 4, 6, 8], "texture": "#0"},
				"up": {"uv": [9, 9, 6, 6], "texture": "#0"},
				"down": {"uv": [3, 8, 0, 11], "texture": "#0"}
			}
		}
	],
	"display": {
		"thirdperson_righthand": {
			"rotation": [45, -180, 0],
			"translation": [0, 2.5, 2.25],
			"scale": [0.6, 0.6, 0.6]
		},
		"thirdperson_lefthand": {
			"rotation": [45, -180, 0],
			"translation": [0, 2.5, 2.25],
			"scale": [0.6, 0.6, 0.6]
		},
		"firstperson_righthand": {
			"rotation": [0, 25, 0],
			"translation": [0, 7.75, 1.75],
			"scale": [0.75, 0.75, 0.75]
		},
		"firstperson_lefthand": {
			"rotation": [0, 25, 0],
			"translation": [0.5, 7.75, 1.75],
			"scale": [0.75, 0.75, 0.75]
		},
		"ground": {
			"translation": [0, 3, 0],
			"scale": [0.5, 0.5, 0.5]
		},
		"gui": {
			"rotation": [30, 45, 0],
			"translation": [0.5, 8.75, 0],
			"scale": [1.75, 1.75, 1.75]
		},
		"head": {
			"translation": [0, 14.4, 0]
		},
		"fixed": {
			"rotation": [0, 93, 0],
			"translation": [1.25, 11, 1.5],
			"scale": [2, 2, 2]
		}
	},
	"groups": [
		{
			"name": "group",
			"origin": [7.9995, 4, 8.92493],
			"color": 0,
			"children": [0, 1]
		}
	]
}