{
	"format_version": "1.21.6",
	"credit": "cyberia was here",
	"texture_size": [32, 32],
	"textures": {
		"1": "item/lapis_lazuli_3d"
	},
	"elements": [
		{
			"from": [6, 2, 4.5],
			"to": [10, 8, 8.5],
			"rotation": {"angle": 0, "axis": "y", "origin": [7.25, 4.5, 6.5]},
			"faces": {
				"north": {"uv": [0, 0, 2, 3], "texture": "#1"},
				"east": {"uv": [2, 0, 4, 3], "texture": "#1"},
				"south": {"uv": [0, 3, 2, 6], "texture": "#1"},
				"west": {"uv": [2, 3, 4, 6], "texture": "#1"},
				"up": {"uv": [6, 2, 4, 0], "texture": "#1"},
				"down": {"uv": [6, 2, 4, 4], "texture": "#1"}
			}
		},
		{
			"from": [4.67441, 0.36313, 5],
			"to": [7.67441, 5.36313, 8],
			"rotation": {"angle": 22.5, "axis": "z", "origin": [7.25, 3.5, 6.5]},
			"faces": {
				"north": {"uv": [4, 4, 5.5, 6.5], "texture": "#1"},
				"east": {"uv": [5.5, 4, 7, 6.5], "texture": "#1"},
				"south": {"uv": [0, 6, 1.5, 8.5], "texture": "#1"},
				"west": {"uv": [6, 0, 7.5, 2.5], "texture": "#1"},
				"up": {"uv": [3, 7.5, 1.5, 6], "texture": "#1"},
				"down": {"uv": [7.5, 2.5, 6, 4], "texture": "#1"}
			}
		}
	],
	"display": {
		"thirdperson_righthand": {
			"rotation": [110, -90, 0],
			"translation": [-1, -0.75, 1.5],
			"scale": [0.65, 0.65, 0.65]
		},
		"thirdperson_lefthand": {
			"rotation": [110, 90, 0],
			"translation": [1, -0.75, 1.5],
			"scale": [0.65, 0.65, 0.65]
		},
		"firstperson_righthand": {
			"rotation": [0, 115, 0],
			"translation": [-1.5, 7, 4],
			"scale": [0.5, 0.5, 0.5]
		},
		"firstperson_lefthand": {
			"rotation": [0, 115, 0],
			"translation": [-1, 7, 4],
			"scale": [0.5, 0.5, 0.5]
		},
		"ground": {
			"translation": [0, 3, 0],
			"scale": [0.5, 0.5, 0.5]
		},
		"gui": {
			"rotation": [30, -25, 0],
			"translation": [0, 3.5, 0],
			"scale": [1.5, 1.5, 1.5]
		},
		"head": {
			"translation": [0, 12.4, 2]
		},
		"fixed": {
			"translation": [0.75, 5.5, 3.25],
			"scale": [1.5, 1.5, 1.5]
		}
	},
	"groups": [
		{
			"name": "lapiz",
			"origin": [7.25, 4.5, 6.5],
			"color": 0,
			"children": [
				0,
				{
					"name": "group",
					"origin": [7.25, 4.5, 6.5],
					"color": 0,
					"children": [1]
				}
			]
		}
	]
}