{
	"format_version": "1.21.6",
	"credit": "cyberia was here",
	"texture_size": [32, 32],
	"textures": {
		"0": "item/large_amethyst_bud_3d",
		"particle": "item/large_amethyst_bud_3d"
	},
	"elements": [
		{
			"from": [5.5, 0, 5.73097],
			"to": [10.5, 8, 10.73097],
			"light_emission": 12,
			"rotation": {"angle": 0, "axis": "y", "origin": [5.5, 0, 10.73097]},
			"faces": {
				"north": {"uv": [0, 0, 2.5, 4], "texture": "#0"},
				"east": {"uv": [2.5, 0, 5, 4], "texture": "#0"},
				"south": {"uv": [0, 4, 2.5, 8], "texture": "#0"},
				"west": {"uv": [2.5, 4, 5, 8], "texture": "#0"},
				"up": {"uv": [7.5, 2.5, 5, 0], "texture": "#0"},
				"down": {"uv": [7.5, 2.5, 5, 5], "texture": "#0"}
			}
		},
		{
			"from": [6, 0, 4.23097],
			"to": [10, 6, 8.23097],
			"light_emission": 12,
			"rotation": {"angle": -22.5, "axis": "x", "origin": [7, 0, 6.73097]},
			"faces": {
				"north": {"uv": [5, 5, 7, 8], "texture": "#0"},
				"east": {"uv": [7, 5, 9, 8], "texture": "#0"},
				"south": {"uv": [7.5, 0, 9.5, 3], "texture": "#0"},
				"west": {"uv": [0, 8, 2, 11], "texture": "#0"},
				"up": {"uv": [9.5, 5, 7.5, 3], "texture": "#0"},
				"down": {"uv": [10, 8, 8, 10], "texture": "#0"}
			}
		},
		{
			"from": [6.5, 0, 8.23097],
			"to": [9.5, 6, 11.23097],
			"light_emission": 12,
			"rotation": {"angle": 22.5, "axis": "x", "origin": [8, 0, 9.73097]},
			"faces": {
				"north": {"uv": [2, 8, 3.5, 11], "texture": "#0"},
				"east": {"uv": [3.5, 8, 5, 11], "texture": "#0"},
				"south": {"uv": [5, 8, 6.5, 11], "texture": "#0"},
				"west": {"uv": [6.5, 8, 8, 11], "texture": "#0"},
				"up": {"uv": [12.5, 1.5, 11, 0], "texture": "#0"},
				"down": {"uv": [3, 11, 1.5, 12.5], "texture": "#0"}
			}
		},
		{
			"from": [9, 0, 6.73097],
			"to": [12, 4, 9.73097],
			"light_emission": 12,
			"rotation": {"angle": -22.5, "axis": "z", "origin": [10.5, 0, 8.23097]},
			"faces": {
				"north": {"uv": [9, 5, 10.5, 7], "texture": "#0"},
				"east": {"uv": [9.5, 0, 11, 2], "texture": "#0"},
				"south": {"uv": [9.5, 2, 11, 4], "texture": "#0"},
				"west": {"uv": [10, 7, 11.5, 9], "texture": "#0"},
				"up": {"uv": [12.5, 3, 11, 1.5], "texture": "#0"},
				"down": {"uv": [4.5, 11, 3, 12.5], "texture": "#0"}
			}
		},
		{
			"from": [4, 0, 6.73097],
			"to": [7, 4, 9.73097],
			"light_emission": 12,
			"rotation": {"angle": 22.5, "axis": "z", "origin": [5.5, 0, 8.23097]},
			"faces": {
				"north": {"uv": [8, 10, 9.5, 12], "texture": "#0"},
				"east": {"uv": [10, 9, 11.5, 11], "texture": "#0"},
				"south": {"uv": [10.5, 4, 12, 6], "texture": "#0"},
				"west": {"uv": [0, 11, 1.5, 13], "texture": "#0"},
				"up": {"uv": [6, 12.5, 4.5, 11], "texture": "#0"},
				"down": {"uv": [7.5, 11, 6, 12.5], "texture": "#0"}
			}
		}
	],
	"display": {
		"thirdperson_righthand": {
			"rotation": [45, 0, 0],
			"translation": [0, 2.25, 1.75],
			"scale": [0.5, 0.5, 0.5]
		},
		"thirdperson_lefthand": {
			"rotation": [45, 0, 0],
			"translation": [0, 2.25, 1.75],
			"scale": [0.5, 0.5, 0.5]
		},
		"firstperson_righthand": {
			"rotation": [177.88, 136, -179.47],
			"translation": [1.25, 5.25, -1.25],
			"scale": [0.70313, 0.70313, 0.70313]
		},
		"firstperson_lefthand": {
			"rotation": [177.88, -58, -179.47],
			"translation": [1.25, 5.25, -1.25],
			"scale": [0.70313, 0.70313, 0.70313]
		},
		"ground": {
			"translation": [0, 3, 0],
			"scale": [0.5, 0.5, 0.5]
		},
		"gui": {
			"rotation": [30, 45, 0],
			"translation": [0, 3.5, 0]
		},
		"head": {
			"translation": [0, 14.4, 0]
		},
		"fixed": {
			"translation": [0, 5.75, 1.5],
			"scale": [1.5, 1.5, 1.5]
		}
	},
	"groups": [
		{
			"name": "large_amethyst_bud",
			"origin": [5.5, 0, 8.23097],
			"color": 0,
			"children": [0, 1, 2, 3, 4]
		}
	]
}