{
	"format_version": "1.21.6",
	"credit": "cyberia was here",
	"textures": {
		"0": "item/medium_amethyst_bud_3d",
		"particle": "item/medium_amethyst_bud_3d"
	},
	"elements": [
		{
			"from": [6, 0, 6.5],
			"to": [10, 6, 10.5],
			"light_emission": 9,
			"rotation": {"angle": 0, "axis": "y", "origin": [6, 0, 10.5]},
			"faces": {
				"north": {"uv": [0, 0, 2, 3], "texture": "#0"},
				"east": {"uv": [2, 0, 4, 3], "texture": "#0"},
				"south": {"uv": [0, 3, 2, 6], "texture": "#0"},
				"west": {"uv": [2, 3, 4, 6], "texture": "#0"},
				"up": {"uv": [6, 2, 4, 0], "texture": "#0"},
				"down": {"uv": [6, 2, 4, 4], "texture": "#0"}
			}
		},
		{
			"from": [6.5, 0, 5],
			"to": [9.5, 4, 8],
			"light_emission": 9,
			"rotation": {"angle": -22.5, "axis": "x", "origin": [7.5, 0, 6.5]},
			"faces": {
				"north": {"uv": [4, 4, 5.5, 6], "texture": "#0"},
				"east": {"uv": [5.5, 4, 7, 6], "texture": "#0"},
				"south": {"uv": [0, 6, 1.5, 8], "texture": "#0"},
				"west": {"uv": [6, 0, 7.5, 2], "texture": "#0"},
				"up": {"uv": [7.5, 7.5, 6, 6], "texture": "#0"},
				"down": {"uv": [8.5, 4, 7, 5.5], "texture": "#0"}
			}
		},
		{
			"from": [6.5, 0, 8],
			"to": [9.5, 4, 11],
			"light_emission": 9,
			"rotation": {"angle": 22.5, "axis": "x", "origin": [8.5, 0, 9.5]},
			"faces": {
				"north": {"uv": [1.5, 6, 3, 8], "texture": "#0"},
				"east": {"uv": [6, 2, 7.5, 4], "texture": "#0"},
				"south": {"uv": [3, 6, 4.5, 8], "texture": "#0"},
				"west": {"uv": [4.5, 6, 6, 8], "texture": "#0"},
				"up": {"uv": [9, 1.5, 7.5, 0], "texture": "#0"},
				"down": {"uv": [9, 1.5, 7.5, 3], "texture": "#0"}
			}
		},
		{
			"from": [8.5, 0, 7],
			"to": [11.5, 3, 10],
			"light_emission": 9,
			"rotation": {"angle": -22.5, "axis": "z", "origin": [10, 0, 8]},
			"faces": {
				"north": {"uv": [7.5, 5.5, 9, 7], "texture": "#0"},
				"east": {"uv": [6, 7.5, 7.5, 9], "texture": "#0"},
				"south": {"uv": [7.5, 7, 9, 8.5], "texture": "#0"},
				"west": {"uv": [0, 8, 1.5, 9.5], "texture": "#0"},
				"up": {"uv": [3, 9.5, 1.5, 8], "texture": "#0"},
				"down": {"uv": [4.5, 8, 3, 9.5], "texture": "#0"}
			}
		},
		{
			"from": [4.5, 0, 7],
			"to": [7.5, 3, 10],
			"light_emission": 9,
			"rotation": {"angle": 22.5, "axis": "z", "origin": [6, 0, 8]},
			"faces": {
				"north": {"uv": [4.5, 8, 6, 9.5], "texture": "#0"},
				"east": {"uv": [8.5, 3, 10, 4.5], "texture": "#0"},
				"south": {"uv": [7.5, 8.5, 9, 10], "texture": "#0"},
				"west": {"uv": [9, 0, 10.5, 1.5], "texture": "#0"},
				"up": {"uv": [10.5, 3, 9, 1.5], "texture": "#0"},
				"down": {"uv": [10.5, 4.5, 9, 6], "texture": "#0"}
			}
		}
	],
	"display": {
		"thirdperson_righthand": {
			"rotation": [45, 0, 0],
			"translation": [0, 2.25, 1.75],
			"scale": [0.5, 0.5, 0.5]
		},
		"thirdperson_lefthand": {
			"rotation": [45, 0, 0],
			"translation": [0, 2.25, 1.75],
			"scale": [0.5, 0.5, 0.5]
		},
		"firstperson_righthand": {
			"rotation": [177.88, 136, -179.47],
			"translation": [1.25, 5.25, -1.25],
			"scale": [0.70313, 0.70313, 0.70313]
		},
		"firstperson_lefthand": {
			"rotation": [177.88, -58, -179.47],
			"translation": [1.25, 5.25, -1.25],
			"scale": [0.70313, 0.70313, 0.70313]
		},
		"ground": {
			"translation": [0, 3, 0],
			"scale": [0.5, 0.5, 0.5]
		},
		"gui": {
			"rotation": [30, 45, 0],
			"translation": [0, 4.25, 0]
		},
		"head": {
			"translation": [0, 14.4, 0]
		},
		"fixed": {
			"translation": [0, 8, 0.25],
			"scale": [1.75, 1.75, 1.75]
		}
	},
	"groups": [
		{
			"name": "medium_amethyst_bud",
			"origin": [6, 0, 8],
			"color": 0,
			"children": [0, 1, 2, 3, 4]
		}
	]
}