{
	"format_version": "1.9.0",
	"credit": "cyberia was here",
	"texture_size": [32, 32],
	"textures": {
		"1": "item/pointed_dripstone_3d"
	},
	"elements": [
		{
			"name": "top",
			"from": [5, 8, 5],
			"to": [11, 13, 11],
			"rotation": {"angle": 0, "axis": "y", "origin": [7, 8, 7]},
			"faces": {
				"north": {"uv": [3, 0, 6, 2.5], "texture": "#1"},
				"east": {"uv": [3, 2.5, 6, 5], "texture": "#1"},
				"south": {"uv": [3, 5, 6, 7.5], "texture": "#1"},
				"west": {"uv": [0, 6, 3, 8.5], "texture": "#1"},
				"up": {"uv": [3, 3, 0, 0], "texture": "#1"},
				"down": {"uv": [3, 3, 0, 6], "texture": "#1"}
			}
		},
		{
			"name": "bottom",
			"from": [7, 0, 7],
			"to": [9, 4, 9],
			"rotation": {"angle": 0, "axis": "y", "origin": [7, 0, 7]},
			"faces": {
				"north": {"uv": [5, 7.5, 6, 9.5], "texture": "#1"},
				"east": {"uv": [8, 0, 9, 2], "texture": "#1"},
				"south": {"uv": [8, 2, 9, 4], "texture": "#1"},
				"west": {"uv": [8, 4, 9, 6], "texture": "#1"},
				"down": {"uv": [7, 8, 6, 9], "texture": "#1"}
			}
		},
		{
			"name": "middle",
			"from": [6, 4, 6],
			"to": [10, 8, 10],
			"rotation": {"angle": 0, "axis": "y", "origin": [7, 4, 7]},
			"faces": {
				"north": {"uv": [6, 0, 8, 2], "texture": "#1"},
				"east": {"uv": [6, 2, 8, 4], "texture": "#1"},
				"south": {"uv": [6, 4, 8, 6], "texture": "#1"},
				"west": {"uv": [6, 6, 8, 8], "texture": "#1"},
				"down": {"uv": [5, 7.5, 3, 9.5], "texture": "#1"}
			}
		}
	],
	"display": {
		"thirdperson_righthand": {
			"rotation": [41, 0, 0],
			"translation": [0, -0.25, -1],
			"scale": [0.5, 0.5, 0.5]
		},
		"thirdperson_lefthand": {
			"rotation": [41, 0, 0],
			"translation": [0, -0.25, -1],
			"scale": [0.5, 0.5, 0.5]
		},
		"firstperson_righthand": {
			"rotation": [0, 111, 0],
			"translation": [-1.75, 4.75, 3],
			"scale": [0.4, 0.4, 0.4]
		},
		"firstperson_lefthand": {
			"rotation": [0, 111, 0],
			"translation": [-1.75, 4.75, 3],
			"scale": [0.4, 0.4, 0.4]
		},
		"ground": {
			"translation": [0, 3, 0],
			"scale": [0.5, 0.5, 0.5]
		},
		"gui": {
			"rotation": [30, -45, 0],
			"translation": [0, 0.5, 0]
		},
		"head": {
			"rotation": [0, 0, 180],
			"translation": [0, 11.4, 0]
		},
		"fixed": {
			"translation": [0, 1.25, 1]
		}
	},
	"groups": [
		{
			"name": "dripstone_3d",
			"origin": [7, 0, 7],
			"color": 0,
			"children": [0, 1, 2]
		}
	]
}