{
	"format_version": "1.21.6",
	"credit": "Made with Blockbench",
	"texture_size": [32, 32],
	"textures": {
		"0": "item/ruby_3d",
		"particle": "item/ruby_3d"
	},
	"elements": [
		{
			"from": [6.25, 2.25, 5.75],
			"to": [9.75, 5.75, 6.75],
			"rotation": {"angle": 0, "axis": "z", "origin": [8, 4, 6.25]},
			"faces": {
				"north": {"uv": [2, 4, 4, 6], "rotation": 180, "texture": "#0"},
				"east": {"uv": [0, 4, 0.5, 6], "rotation": 180, "texture": "#0"},
				"west": {"uv": [4.5, 0, 5, 2], "rotation": 180, "texture": "#0"},
				"up": {"uv": [7, 0, 6.5, 2], "rotation": 90, "texture": "#0"},
				"down": {"uv": [6, 6, 5.5, 4], "rotation": 270, "texture": "#0"}
			}
		},
		{
			"from": [6.25, 2.25, 9.25],
			"to": [9.75, 5.75, 10.25],
			"rotation": {"angle": 0, "axis": "z", "origin": [8, 4, 9.75]},
			"faces": {
				"east": {"uv": [1.5, 4, 2, 6], "rotation": 180, "texture": "#0"},
				"south": {"uv": [3, 2, 5, 4], "rotation": 180, "texture": "#0"},
				"west": {"uv": [3, 0, 3.5, 2], "rotation": 180, "texture": "#0"},
				"up": {"uv": [5.5, 0, 5, 2], "rotation": 90, "texture": "#0"},
				"down": {"uv": [4.5, 6, 4, 4], "rotation": 270, "texture": "#0"}
			}
		},
		{
			"from": [6, 1, 7],
			"to": [10, 2, 9],
			"rotation": {"angle": 0, "axis": "y", "origin": [10, 1, 7]},
			"faces": {
				"north": {"uv": [5, 6.5, 7, 7], "texture": "#0"},
				"east": {"uv": [7, 1, 8, 1.5], "texture": "#0"},
				"south": {"uv": [5, 6, 7, 6.5], "texture": "#0"},
				"west": {"uv": [7, 1.5, 8, 2], "texture": "#0"},
				"up": {"uv": [6, 4, 5, 2], "rotation": 90, "texture": "#0"},
				"down": {"uv": [3, 6, 2, 8], "rotation": 270, "texture": "#0"}
			}
		},
		{
			"from": [6, 6, 7],
			"to": [10, 7, 9],
			"rotation": {"angle": 0, "axis": "y", "origin": [10, 6, 7]},
			"faces": {
				"north": {"uv": [7, 0.5, 9, 1], "texture": "#0"},
				"east": {"uv": [7, 2, 8, 2.5], "texture": "#0"},
				"south": {"uv": [7, 0, 9, 0.5], "texture": "#0"},
				"west": {"uv": [7, 2.5, 8, 3], "texture": "#0"},
				"up": {"uv": [7, 4, 6, 2], "rotation": 90, "texture": "#0"},
				"down": {"uv": [4, 6, 3, 8], "rotation": 270, "texture": "#0"}
			}
		},
		{
			"from": [5, 2, 7],
			"to": [11, 6, 9],
			"rotation": {"angle": 0, "axis": "y", "origin": [11, 2, 7]},
			"faces": {
				"north": {"uv": [0, 2, 3, 4], "texture": "#0"},
				"east": {"uv": [4, 6, 5, 8], "texture": "#0"},
				"south": {"uv": [0, 0, 3, 2], "texture": "#0"},
				"west": {"uv": [6, 4, 7, 6], "texture": "#0"},
				"up": {"uv": [1, 9, 0, 6], "rotation": 90, "texture": "#0"},
				"down": {"uv": [2, 6, 1, 9], "rotation": 270, "texture": "#0"}
			}
		},
		{
			"from": [10, 6, 7],
			"to": [6, 2, 5.5],
			"rotation": {"angle": 0, "axis": "y", "origin": [4.5, 7.5, 3]},
			"faces": {
				"north": {"uv": [9, 0, 9.5, 0.5], "texture": "#0"},
				"east": {"uv": [9, 0, 9.5, 0.5], "texture": "#0"},
				"south": {"uv": [9, 0, 9.5, 0.5], "texture": "#0"},
				"west": {"uv": [9, 0, 9.5, 0.5], "texture": "#0"},
				"up": {"uv": [9, 0, 9.5, 0.5], "rotation": 90, "texture": "#0"},
				"down": {"uv": [9, 0, 9.5, 0.5], "rotation": 270, "texture": "#0"}
			}
		},
		{
			"from": [11.25, 6.25, 9.25],
			"to": [4.75, 1.75, 6.75],
			"rotation": {"angle": 0, "axis": "y", "origin": [5, 6, 9]},
			"faces": {
				"north": {"uv": [9, 0, 9.5, 0.5], "texture": "#0"},
				"east": {"uv": [9, 0, 9.5, 0.5], "texture": "#0"},
				"south": {"uv": [9, 0, 9.5, 0.5], "texture": "#0"},
				"west": {"uv": [9, 0, 9.5, 0.5], "texture": "#0"},
				"up": {"uv": [9, 0, 9.5, 3], "rotation": 90, "texture": "#0"},
				"down": {"uv": [9, 0, 9.5, 3], "rotation": 270, "texture": "#0"}
			}
		},
		{
			"from": [10.25, 7.25, 9.25],
			"to": [5.75, 6.25, 6.75],
			"rotation": {"angle": 0, "axis": "y", "origin": [6, 7, 9]},
			"faces": {
				"north": {"uv": [9, 0, 9.5, 0.5], "texture": "#0"},
				"east": {"uv": [10, 3, 11.5, 0], "texture": "#0"},
				"south": {"uv": [9, 0, 9.5, 0.5], "texture": "#0"},
				"west": {"uv": [11.5, 3, 10, 0], "texture": "#0"},
				"down": {"uv": [9, 0, 9.5, 0.5], "rotation": 270, "texture": "#0"}
			}
		},
		{
			"from": [10.25, 1.75, 9.25],
			"to": [5.75, 0.75, 6.75],
			"rotation": {"angle": 0, "axis": "y", "origin": [6, 1, 9]},
			"faces": {
				"north": {"uv": [9, 0.5, 9.5, 0], "texture": "#0"},
				"east": {"uv": [9, 0.5, 9.5, 0], "texture": "#0"},
				"south": {"uv": [9, 0.5, 9.5, 0], "texture": "#0"},
				"west": {"uv": [9, 0.5, 9.5, 0], "texture": "#0"},
				"up": {"uv": [9, 0.5, 9.5, 0], "rotation": 90, "texture": "#0"}
			}
		},
		{
			"from": [10, 6, 10.5],
			"to": [6, 2, 9],
			"rotation": {"angle": 0, "axis": "y", "origin": [4.5, 7.5, 7]},
			"faces": {
				"north": {"uv": [9, 0, 9.5, 0.5], "texture": "#0"},
				"east": {"uv": [9, 0, 9.5, 0.5], "texture": "#0"},
				"south": {"uv": [9, 0, 9.5, 0.5], "texture": "#0"},
				"west": {"uv": [9, 0, 9.5, 0.5], "texture": "#0"},
				"up": {"uv": [9, 0, 9.5, 0.5], "rotation": 90, "texture": "#0"},
				"down": {"uv": [9, 0, 9.5, 0.5], "rotation": 270, "texture": "#0"}
			}
		}
	],
	"display": {
		"thirdperson_righthand": {
			"rotation": [50, 90, 0],
			"translation": [0, 2.25, 1],
			"scale": [0.5, 0.5, 0.5]
		},
		"thirdperson_lefthand": {
			"rotation": [50, 90, 0],
			"translation": [0, 2.25, 1],
			"scale": [0.5, 0.5, 0.5]
		},
		"firstperson_righthand": {
			"rotation": [0, 141, 0],
			"translation": [-4.5, 7, 6.25],
			"scale": [0.3, 0.3, 0.3]
		},
		"firstperson_lefthand": {
			"rotation": [0, 141, 0],
			"translation": [-4.5, 7, 6.25],
			"scale": [0.3, 0.3, 0.3]
		},
		"ground": {
			"translation": [0, 3, 0],
			"scale": [0.5, 0.5, 0.5]
		},
		"gui": {
			"rotation": [30, -25, 0],
			"translation": [0, 4.75, 0],
			"scale": [1.5, 1.5, 1.5]
		},
		"head": {
			"translation": [0, 13.7, 0]
		},
		"fixed": {
			"translation": [0, 6.5, 1],
			"scale": [1.75, 1.75, 1.75]
		}
	},
	"groups": [
		{
			"name": "ruby",
			"origin": [7.5, 4, -0.5],
			"color": 0,
			"children": [0, 1, 2, 3, 4]
		},
		{
			"name": "outline",
			"origin": [4.5, 7.5, 3],
			"color": 0,
			"children": [5, 6, 7, 8, 9]
		}
	]
}