{
  "model": {
    "type": "minecraft:select",
    "property": "minecraft:display_context",
    "cases": [
      {
        "when": "fixed",
        "model": {
          "type": "minecraft:select",
          "property": "minecraft:component",
          "component": "minecraft:custom_name",
          "cases": [
            {
              "when": [
                "Copper Ingots"
              ],
              "model": {
                "type": "minecraft:model",
                "model": "minecraft:item/nameable_variants/copper_ingots_3d"
              }
            }
          ],
          "fallback": {
            "type": "minecraft:model",
            "model": "minecraft:item/copper_ingot"
          }
        }
      },
      {
        "when": [
          "gui",
          "ground"
        ],
        "model": {
          "type": "minecraft:model",
          "model": "minecraft:item/copper_ingot"
        }
      }
    ],
    "fallback": {
      "type": "minecraft:select",
      "property": "minecraft:component",
      "component": "minecraft:custom_name",
      "cases": [
        {
          "when": [
            "Copper Ingots"
          ],
          "model": {
            "type": "minecraft:model",
            "model": "minecraft:item/nameable_variants/copper_ingots_3d"
          }
        }
      ],
      "fallback": {
        "type": "minecraft:model",
        "model": "minecraft:item/copper_ingot_3d"
      }
    }
  }
}