{
  "model": {
    "type": "minecraft:select",
    "property": "minecraft:display_context",
    "cases": [
      {
        "when": [
          "gui",
          "fixed",
          "ground"
        ],
        "model": {
          "type": "minecraft:model",
          "model": "minecraft:item/echo_shard"
        }
      },
      {
        "when": [
          "firstperson_righthand",
          "firstperson_lefthand"
        ],
        "model": {
          "type": "minecraft:model",
          "model": "minecraft:item/echo_shard_3d_firstperson"
        }
      }
    ],
    "fallback": {
      "type": "minecraft:model",
      "model": "minecraft:item/echo_shard_3d"
    }
  }
}