{
	"format_version": "1.21.6",
	"credit": "cyberia was here",
	"textures": {
		"0": "item/gold_ingot_3d",
		"particle": "item/gold_ingot_3d"
	},
	"elements": [
		{
			"from": [5, 0, 2],
			"to": [11, 4, 14],
			"light_emission": 7,
			"rotation": {"angle": 0, "axis": "y", "origin": [11, 0, 2]},
			"faces": {
				"north": {"uv": [6, 2, 9, 4], "texture": "#0"},
				"east": {"uv": [0, 3, 6, 5], "texture": "#0"},
				"south": {"uv": [6, 0, 9, 2], "texture": "#0"},
				"west": {"uv": [6, 8, 0, 10], "texture": "#0"},
				"up": {"uv": [6, 3, 0, 0], "rotation": 90, "texture": "#0"},
				"down": {"uv": [6, 8, 0, 5], "rotation": 270, "texture": "#0"}
			}
		}
	],
	"display": {
		"thirdperson_righthand": {
			"rotation": [110, 0, -90],
			"translation": [3, -0.25, -0.25],
			"scale": [0.5, 0.5, 0.5]
		},
		"thirdperson_lefthand": {
			"rotation": [110, 0, -90],
			"translation": [3, -0.25, -0.25],
			"scale": [0.5, 0.5, 0.5]
		},
		"firstperson_righthand": {
			"rotation": [0, 50, 0],
			"translation": [-1.75, 6.25, 4],
			"scale": [0.4, 0.4, 0.4]
		},
		"firstperson_lefthand": {
			"rotation": [0, 50, 0],
			"translation": [-1.75, 6.25, 4],
			"scale": [0.4, 0.4, 0.4]
		},
		"ground": {
			"translation": [0, 3, 0],
			"scale": [0.5, 0.5, 0.5]
		},
		"gui": {
			"rotation": [30, -45, 0],
			"translation": [0, 5, 0]
		},
		"head": {
			"translation": [0, 14.9, 0]
		},
		"fixed": {
			"rotation": [-90, 90, 0],
			"translation": [0, 0, -6.5],
			"scale": [1.25, 1.25, 1.25]
		}
	}
}