{
	"format_version": "1.21.6",
	"credit": "cyberia was here",
	"textures": {
		"0": "item/iron_ingot_3d",
		"particle": "item/iron_ingot_3d"
	},
	"elements": [
		{
			"from": [5.5, 4, 1.60355],
			"to": [11.5, 8, 13.60355],
			"light_emission": 10,
			"rotation": {"angle": 45, "axis": "y", "origin": [8.5, 6.5, 8.60355]},
			"faces": {
				"north": {"uv": [6, 2, 9, 4], "texture": "#0"},
				"east": {"uv": [6, 5, 0, 3], "texture": "#0"},
				"south": {"uv": [6, 0, 9, 2], "texture": "#0"},
				"west": {"uv": [6, 10, 0, 8], "texture": "#0"},
				"up": {"uv": [6, 3, 0, 0], "rotation": 90, "texture": "#0"},
				"down": {"uv": [6, 8, 0, 5], "rotation": 270, "texture": "#0"}
			}
		},
		{
			"from": [1.5, 0, 2.10355],
			"to": [7.5, 4, 14.10355],
			"light_emission": 10,
			"rotation": {"angle": 0, "axis": "y", "origin": [6, 0, 2.10355]},
			"faces": {
				"north": {"uv": [6, 2, 9, 4], "texture": "#0"},
				"east": {"uv": [6, 5, 0, 3], "texture": "#0"},
				"south": {"uv": [6, 0, 9, 2], "texture": "#0"},
				"west": {"uv": [6, 10, 0, 8], "texture": "#0"},
				"up": {"uv": [6, 3, 0, 0], "rotation": 90, "texture": "#0"},
				"down": {"uv": [6, 8, 0, 5], "rotation": 270, "texture": "#0"}
			}
		},
		{
			"from": [8.5, 0, 2.10355],
			"to": [14.5, 4, 14.10355],
			"light_emission": 10,
			"rotation": {"angle": 0, "axis": "y", "origin": [13, 0, 2.10355]},
			"faces": {
				"north": {"uv": [6, 2, 9, 4], "texture": "#0"},
				"east": {"uv": [6, 5, 0, 3], "texture": "#0"},
				"south": {"uv": [6, 0, 9, 2], "texture": "#0"},
				"west": {"uv": [6, 10, 0, 8], "texture": "#0"},
				"up": {"uv": [6, 3, 0, 0], "rotation": 90, "texture": "#0"},
				"down": {"uv": [6, 8, 0, 5], "rotation": 270, "texture": "#0"}
			}
		}
	],
	"display": {
		"thirdperson_righthand": {
			"rotation": [110, 0, -90],
			"translation": [1.5, -0.25, -0.25],
			"scale": [0.4, 0.4, 0.4]
		},
		"thirdperson_lefthand": {
			"rotation": [110, 0, -90],
			"translation": [1.5, -0.25, -0.25],
			"scale": [0.4, 0.4, 0.4]
		},
		"firstperson_righthand": {
			"rotation": [0, -110, 0],
			"translation": [-1.75, 6.25, 3.25],
			"scale": [0.4, 0.4, 0.4]
		},
		"firstperson_lefthand": {
			"rotation": [0, -110, 0],
			"translation": [-1.75, 6.25, 3.25],
			"scale": [0.4, 0.4, 0.4]
		},
		"ground": {
			"translation": [0, 3, 0],
			"scale": [0.5, 0.5, 0.5]
		},
		"gui": {
			"rotation": [30, -45, 0],
			"translation": [0, 2.75, 0],
			"scale": [0.75, 0.75, 0.75]
		},
		"head": {
			"translation": [0, 14.7, 0]
		},
		"fixed": {
			"rotation": [-90, 90, 0],
			"translation": [0, 0, -10.5],
			"scale": [1.25, 1.25, 1.25]
		}
	},
	"groups": [
		{
			"name": "group",
			"origin": [11, 0, 2.10355],
			"color": 0,
			"children": [0]
		},
		{
			"name": "group",
			"origin": [11, 0, 2.10355],
			"color": 0,
			"children": [1]
		},
		{
			"name": "group",
			"origin": [11, 0, 2.10355],
			"color": 0,
			"children": [2]
		}
	]
}