{
	"format_version": "1.21.6",
	"credit": "cyberia was here",
	"textures": {
		"0": "item/copper_ingot_3d",
		"1": "item/ingot_outline_glows_3d",
		"particle": "item/copper_ingot_3d"
	},
	"elements": [
		{
			"from": [14.75, 4.25, 14.75],
			"to": [8.25, -0.25, 2.25],
			"rotation": {"angle": 0, "axis": "y", "origin": [20.5, 4, 14]},
			"faces": {
				"north": {"uv": [2, 0, 3, 1], "texture": "#1"},
				"east": {"uv": [2, 0, 3, 1], "texture": "#1"},
				"south": {"uv": [2, 0, 3, 1], "texture": "#1"},
				"west": {"uv": [2, 0, 3, 1], "texture": "#1"},
				"up": {"uv": [2, 0, 3, 1], "rotation": 90, "texture": "#1"},
				"down": {"uv": [2, 0, 3, 1], "rotation": 270, "texture": "#1"}
			}
		},
		{
			"from": [8.5, 0, 2.5],
			"to": [14.5, 4, 14.5],
			"light_emission": 10,
			"rotation": {"angle": 0, "axis": "y", "origin": [14.5, 0, 2]},
			"faces": {
				"north": {"uv": [6, 2, 9, 4], "texture": "#0"},
				"east": {"uv": [0, 5, 6, 7], "texture": "#0"},
				"south": {"uv": [6, 0, 9, 2], "texture": "#0"},
				"west": {"uv": [6, 2, 0, 0], "texture": "#0"},
				"up": {"uv": [6, 5, 0, 2], "rotation": 90, "texture": "#0"},
				"down": {"uv": [6, 10, 0, 7], "rotation": 270, "texture": "#0"}
			}
		},
		{
			"from": [7.75, 4.25, 13.75],
			"to": [1.25, -0.25, 1.25],
			"rotation": {"angle": 0, "axis": "y", "origin": [13.5, 4, 13]},
			"faces": {
				"north": {"uv": [2, 0, 3, 1], "texture": "#1"},
				"east": {"uv": [2, 0, 3, 1], "texture": "#1"},
				"south": {"uv": [2, 0, 3, 1], "texture": "#1"},
				"west": {"uv": [2, 0, 3, 1], "texture": "#1"},
				"up": {"uv": [2, 0, 3, 1], "rotation": 90, "texture": "#1"},
				"down": {"uv": [2, 0, 3, 1], "rotation": 270, "texture": "#1"}
			}
		},
		{
			"from": [1.5, 0, 1.5],
			"to": [7.5, 4, 13.5],
			"light_emission": 10,
			"rotation": {"angle": 0, "axis": "y", "origin": [7.5, 0, 1]},
			"faces": {
				"north": {"uv": [6, 2, 9, 4], "texture": "#0"},
				"east": {"uv": [0, 5, 6, 7], "texture": "#0"},
				"south": {"uv": [6, 0, 9, 2], "texture": "#0"},
				"west": {"uv": [6, 2, 0, 0], "texture": "#0"},
				"up": {"uv": [6, 5, 0, 2], "rotation": 90, "texture": "#0"},
				"down": {"uv": [6, 10, 0, 7], "rotation": 270, "texture": "#0"}
			}
		},
		{
			"from": [14.25, 8.75, 11.25],
			"to": [1.75, 4.25, 4.75],
			"rotation": {"angle": 0, "axis": "y", "origin": [8, 6.5, 8]},
			"faces": {
				"north": {"uv": [2, 0, 3, 1], "texture": "#1"},
				"east": {"uv": [2, 0, 3, 1], "texture": "#1"},
				"south": {"uv": [2, 0, 3, 1], "texture": "#1"},
				"west": {"uv": [2, 0, 3, 1], "texture": "#1"},
				"up": {"uv": [2, 0, 3, 1], "rotation": 180, "texture": "#1"},
				"down": {"uv": [2, 0, 3, 1], "rotation": 180, "texture": "#1"}
			}
		},
		{
			"from": [2, 4.5, 5],
			"to": [14, 8.5, 11],
			"light_emission": 10,
			"rotation": {"angle": 0, "axis": "y", "origin": [8, 6.5, 8]},
			"faces": {
				"north": {"uv": [6, 2, 0, 0], "texture": "#0"},
				"east": {"uv": [6, 2, 9, 4], "texture": "#0"},
				"south": {"uv": [0, 5, 6, 7], "texture": "#0"},
				"west": {"uv": [6, 0, 9, 2], "texture": "#0"},
				"up": {"uv": [6, 5, 0, 2], "rotation": 180, "texture": "#0"},
				"down": {"uv": [6, 10, 0, 7], "rotation": 180, "texture": "#0"}
			}
		}
	],
	"display": {
		"thirdperson_righthand": {
			"rotation": [110, 0, -90],
			"translation": [1.5, -0.25, -0.25],
			"scale": [0.4, 0.4, 0.4]
		},
		"thirdperson_lefthand": {
			"rotation": [110, 0, -90],
			"translation": [1.5, -0.25, -0.25],
			"scale": [0.4, 0.4, 0.4]
		},
		"firstperson_righthand": {
			"rotation": [0, -110, 0],
			"translation": [-1.75, 6.25, 3.25],
			"scale": [0.4, 0.4, 0.4]
		},
		"firstperson_lefthand": {
			"rotation": [0, -110, 0],
			"translation": [-1.75, 6.25, 3.25],
			"scale": [0.4, 0.4, 0.4]
		},
		"ground": {
			"translation": [0, 3, 0],
			"scale": [0.5, 0.5, 0.5]
		},
		"gui": {
			"rotation": [30, -45, 0],
			"translation": [0, 2.75, 0],
			"scale": [0.75, 0.75, 0.75]
		},
		"head": {
			"translation": [0, 14.7, 0]
		},
		"fixed": {
			"rotation": [-90, 90, 0],
			"translation": [0, 0, -10.5],
			"scale": [1.25, 1.25, 1.25]
		}
	},
	"groups": [
		{
			"name": "group",
			"origin": [20.5, 4, 14],
			"color": 0,
			"children": [0, 1]
		},
		{
			"name": "group",
			"origin": [20.5, 4, 14],
			"color": 0,
			"children": [2, 3]
		},
		{
			"name": "group",
			"origin": [20.5, 4, 14],
			"color": 0,
			"children": [4, 5]
		}
	]
}