{
	"format_version": "1.21.6",
	"credit": "cyberia was here",
	"textures": {
		"0": "item/netherite_ingot_3d",
		"1": "item/ingot_outline_glows_3d",
		"particle": "item/netherite_ingot_3d"
	},
	"elements": [
		{
			"from": [14.86626, 4.25, 13.91374],
			"to": [8.36626, -0.25, 1.41374],
			"rotation": {"angle": 0, "axis": "y", "origin": [8, 4.25, 8.07926]},
			"faces": {
				"north": {"uv": [3, 0, 4, 1], "texture": "#1"},
				"east": {"uv": [3, 0, 4, 1], "texture": "#1"},
				"south": {"uv": [3, 0, 4, 1], "texture": "#1"},
				"west": {"uv": [3, 0, 4, 1], "texture": "#1"},
				"up": {"uv": [3, 0, 4, 1], "texture": "#1"},
				"down": {"uv": [3, 0, 4, 1], "texture": "#1"}
			}
		},
		{
			"from": [8.61626, 0, 1.66374],
			"to": [14.61626, 4, 13.66374],
			"light_emission": 10,
			"rotation": {"angle": 0, "axis": "y", "origin": [8, 4.25, 8.07926]},
			"faces": {
				"north": {"uv": [6, 2, 9, 4], "texture": "#0"},
				"east": {"uv": [0, 3, 6, 5], "texture": "#0"},
				"south": {"uv": [6, 0, 9, 2], "texture": "#0"},
				"west": {"uv": [6, 8, 0, 10], "texture": "#0"},
				"up": {"uv": [6, 3, 0, 0], "rotation": 90, "texture": "#0"},
				"down": {"uv": [6, 8, 0, 5], "rotation": 270, "texture": "#0"}
			}
		},
		{
			"from": [7.63374, 4.25, 14.74477],
			"to": [1.13374, -0.25, 2.24477],
			"rotation": {"angle": 0, "axis": "y", "origin": [8, 4.25, 8.07926]},
			"faces": {
				"north": {"uv": [3, 0, 4, 1], "texture": "#1"},
				"east": {"uv": [3, 0, 4, 1], "texture": "#1"},
				"south": {"uv": [3, 0, 4, 1], "texture": "#1"},
				"west": {"uv": [3, 0, 4, 1], "texture": "#1"},
				"up": {"uv": [3, 0, 4, 1], "texture": "#1"},
				"down": {"uv": [3, 0, 4, 1], "texture": "#1"}
			}
		},
		{
			"from": [1.38374, 0, 2.49477],
			"to": [7.38374, 4, 14.49477],
			"light_emission": 10,
			"rotation": {"angle": 0, "axis": "y", "origin": [8, 4.25, 8.07926]},
			"faces": {
				"north": {"uv": [6, 2, 9, 4], "texture": "#0"},
				"east": {"uv": [0, 3, 6, 5], "texture": "#0"},
				"south": {"uv": [6, 0, 9, 2], "texture": "#0"},
				"west": {"uv": [6, 8, 0, 10], "texture": "#0"},
				"up": {"uv": [6, 3, 0, 0], "rotation": 90, "texture": "#0"},
				"down": {"uv": [6, 8, 0, 5], "rotation": 270, "texture": "#0"}
			}
		},
		{
			"from": [14.60355, 8.75, 10.56149],
			"to": [2.10355, 4.25, 4.06149],
			"rotation": {"angle": -22.5, "axis": "y", "origin": [8, 4.25, 8.07926]},
			"faces": {
				"north": {"uv": [3, 0, 4, 1], "texture": "#1"},
				"east": {"uv": [3, 0, 4, 1], "texture": "#1"},
				"south": {"uv": [3, 0, 4, 1], "texture": "#1"},
				"west": {"uv": [3, 0, 4, 1], "texture": "#1"},
				"up": {"uv": [3, 0, 4, 1], "rotation": 270, "texture": "#1"},
				"down": {"uv": [3, 0, 4, 1], "rotation": 90, "texture": "#1"}
			}
		},
		{
			"from": [2.35355, 4.5, 4.31149],
			"to": [14.35355, 8.5, 10.31149],
			"light_emission": 10,
			"rotation": {"angle": -22.5, "axis": "y", "origin": [8, 4.25, 8.07926]},
			"faces": {
				"north": {"uv": [0, 3, 6, 5], "texture": "#0"},
				"east": {"uv": [6, 0, 9, 2], "texture": "#0"},
				"south": {"uv": [6, 8, 0, 10], "texture": "#0"},
				"west": {"uv": [6, 2, 9, 4], "texture": "#0"},
				"up": {"uv": [6, 3, 0, 0], "texture": "#0"},
				"down": {"uv": [6, 8, 0, 5], "texture": "#0"}
			}
		}
	],
	"display": {
		"thirdperson_righthand": {
			"rotation": [110, 0, -90],
			"translation": [3, -0.25, -0.25],
			"scale": [0.5, 0.5, 0.5]
		},
		"thirdperson_lefthand": {
			"rotation": [110, 0, -90],
			"translation": [1.5, -0.25, -0.25],
			"scale": [0.4, 0.4, 0.4]
		},
		"firstperson_righthand": {
			"rotation": [0, -110, 0],
			"translation": [-1.75, 6.25, 3.25],
			"scale": [0.4, 0.4, 0.4]
		},
		"firstperson_lefthand": {
			"rotation": [0, -110, 0],
			"translation": [-1.75, 6.25, 3.25],
			"scale": [0.4, 0.4, 0.4]
		},
		"ground": {
			"translation": [0, 3, 0],
			"scale": [0.5, 0.5, 0.5]
		},
		"gui": {
			"rotation": [30, -45, 0],
			"translation": [0, 2.75, 0],
			"scale": [0.75, 0.75, 0.75]
		},
		"head": {
			"translation": [0, 14.7, 0]
		},
		"fixed": {
			"rotation": [-90, 90, 0],
			"translation": [0, 0, -10.5],
			"scale": [1.25, 1.25, 1.25]
		}
	},
	"groups": [
		{
			"name": "group",
			"origin": [18.5, 4, 15.07926],
			"color": 0,
			"children": [0, 1]
		},
		{
			"name": "group",
			"origin": [18.5, 4, 15.07926],
			"color": 0,
			"children": [2, 3]
		},
		{
			"name": "group",
			"origin": [18.5, 4, 15.07926],
			"color": 0,
			"children": [4, 5]
		}
	]
}